"sample"	"code"	"state"
"52663.3.414974.CGACCATT-CGACCATT.filter-RNA.fastq.gz"	"MC_100uE_WellFed"	0
"52663.3.414974.TCGGTTAC-TCGGTTAC.filter-RNA.fastq.gz"	"MC_100uE_WellFed"	0
"52663.3.414974.CACGTTGT-CACGTTGT.filter-RNA.fastq.gz"	"MC_100uE_WellFed"	0
"52663.3.414974.GTTCAACC-GTTCAACC.filter-RNA.fastq.gz"	"MC_24hr_PostFeeding"	24
"52663.3.414974.CAGAGTGT-CAGAGTGT.filter-RNA.fastq.gz"	"MC_24hr_PostFeeding"	24
"52663.3.414974.GGATACCA-GGATACCA.filter-RNA.fastq.gz"	"MC_24hr_PostFeeding"	24
"52663.3.414974.ACCTCTGT-ACCTCTGT.filter-RNA.fastq.gz"	"MC_48hr_PostFeeding"	48
"52663.3.414974.TGGATCAC-TGGATCAC.filter-RNA.fastq.gz"	"MC_48hr_PostFeeding"	48
"52663.3.414974.CTTGCTGT-CTTGCTGT.filter-RNA.fastq.gz"	"MC_48hr_PostFeeding"	48
"52663.3.414974.ATGCCTGT-ATGCCTGT.filter-RNA.fastq.gz"	"MC_7day_PostFeeding"	168
"52663.3.414974.GAAGTACC-GAAGTACC.filter-RNA.fastq.gz"	"MC_7day_PostFeeding"	168
"52663.3.414974.CGAACTGT-CGAACTGT.filter-RNA.fastq.gz"	"MC_96hr_PostFeeding"	96
"52663.3.414974.TAGTGACC-TAGTGACC.filter-RNA.fastq.gz"	"MC_96hr_PostFeeding"	96
"52663.3.414974.TGGCATGT-TGGCATGT.filter-RNA.fastq.gz"	"MC_96hr_PostFeeding"	96
"52663.3.414974.CACTGACA-CACTGACA.filter-RNA.fastq.gz"	"MC_NH4enriched"	"ammonia"
"52663.3.414974.CATACCAC-CATACCAC.filter-RNA.fastq.gz"	"MC_Starved"	504
"52663.3.414974.TTGTCGGT-TTGTCGGT.filter-RNA.fastq.gz"	"MC_Starved"	504
"52663.3.414974.CCAAGCAA-CCAAGCAA.filter-RNA.fastq.gz"	"MC_Starved"	504
"52663.3.414974.TAACCGGT-TAACCGGT.filter-RNA.fastq.gz"	"MC_Superstarved"	672
"52663.3.414974.ATGGTCCA-ATGGTCCA.filter-RNA.fastq.gz"	"MC_Superstarved"	672
"52663.3.414974.GTCTAGGT-GTCTAGGT.filter-RNA.fastq.gz"	"MC_10uE_WellFed"	"lowlight"
